{
  "classes": [
    "angry",
    "disgust",
    "fear",
    "happy",
    "neutral",
    "sad"
  ],
  "prior": {
    "angry": 0.16666666666666666,
    "disgust": 0.16666666666666666,
    "fear": 0.16666666666666666,
    "happy": 0.16666666666666666,
    "neutral": 0.16666666666666666,
    "sad": 0.16666666666666666
  },
  "face_lik": {
    "angry": {
      "neutral": 0.11538461538461539,
      "disgust": 0.11538461538461539,
      "fear": 0.4230769230769231,
      "angry": 0.2692307692307692,
      "__floor__": 0.038461538461538464
    },
    "disgust": {
      "disgust": 0.7307692307692307,
      "angry": 0.11538461538461539,
      "__floor__": 0.038461538461538464
    },
    "fear": {
      "fear": 0.7307692307692307,
      "angry": 0.11538461538461539,
      "__floor__": 0.038461538461538464
    },
    "happy": {
      "happy": 0.5769230769230769,
      "surprise": 0.2692307692307692,
      "__floor__": 0.038461538461538464
    },
    "neutral": {
      "neutral": 0.6538461538461539,
      "fear": 0.11538461538461539,
      "angry": 0.11538461538461539,
      "__floor__": 0.038461538461538464
    },
    "sad": {
      "fear": 0.4230769230769231,
      "sad": 0.34615384615384615,
      "neutral": 0.11538461538461539,
      "__floor__": 0.038461538461538464
    }
  },
  "speech_lik": {
    "angry": {
      "angry": 0.4230769230769231,
      "disgust": 0.11538461538461539,
      "neutral": 0.34615384615384615,
      "__floor__": 0.038461538461538464
    },
    "disgust": {
      "disgust": 0.4230769230769231,
      "angry": 0.11538461538461539,
      "sad": 0.11538461538461539,
      "neutral": 0.2692307692307692,
      "__floor__": 0.038461538461538464
    },
    "fear": {
      "fear": 0.19230769230769232,
      "happy": 0.34615384615384615,
      "angry": 0.2692307692307692,
      "neutral": 0.11538461538461539,
      "__floor__": 0.038461538461538464
    },
    "happy": {
      "angry": 0.11538461538461539,
      "happy": 0.5769230769230769,
      "surprise": 0.19230769230769232,
      "__floor__": 0.038461538461538464
    },
    "neutral": {
      "neutral": 0.8076923076923077,
      "__floor__": 0.038461538461538464
    },
    "sad": {
      "neutral": 0.5,
      "angry": 0.11538461538461539,
      "sad": 0.2692307692307692,
      "__floor__": 0.038461538461538464
    }
  },
  "alpha": 0.5,
  "n_samples": 60,
  "source": "data/cremad | results/ablation_cremad_e2v"
}